ID,Gain100_Distance10,Gain100_Distance15,Gain100_Distance20,Gain75_Distance10,Gain75_Distance15,Gain75_Distance20,Gain90_Distance25,Gain90_Distance30,Gain90_Distance35,Gain65_Distance25,Gain65_Distance30,Gain65_Distance35,Indicator
1,5.01,2.88,2.33,2.88,1.97,1.22,1.37,0.7,0.78,0.82,0.6,0.52,0
2,5.01,3.03,2.22,2.88,1.74,1.22,1.37,0.74,0.78,0.91,0.63,0.56,0
3,4.84,2.88,2.22,2.88,1.74,1.42,1.27,0.91,0.86,0.95,0.67,0.49,0
4,5.01,3.03,2.08,3.03,2.08,1.42,1.37,1.01,0.82,1.01,0.67,0.49,0
5,5.21,3.18,2.22,2.88,1.85,1.42,1.42,0.91,0.86,0.82,0.7,0.49,0
6,5.4,3.03,2.22,2.88,2.08,1.32,1.37,0.95,0.91,0.86,0.6,0.49,0
7,5.21,2.88,2.22,3.03,1.85,1.32,1.42,0.91,0.86,0.91,0.56,0.49,0
8,5.21,2.88,2.22,3.03,1.97,1.37,1.42,0.95,0.86,0.91,0.56,0.49,0
9,5.21,3.03,2.22,3.18,1.74,1.22,1.37,0.91,0.78,0.86,0.67,0.52,0
10,5.21,2.88,2.22,3.32,1.97,1.27,1.32,0.91,0.78,0.91,0.63,0.49,0
11,5.21,2.88,2.22,3.18,1.85,1.13,1.37,0.95,0.86,0.86,0.56,0.52,0
12,5.4,2.88,2.48,3.03,1.74,1.13,1.32,0.95,0.86,0.91,0.56,0.52,0
13,5.01,3.03,2.33,3.03,1.85,1.32,1.37,0.91,0.82,0.86,0.6,0.52,0
14,5.4,3.03,2.08,3.18,1.85,1.32,1.42,0.91,0.86,0.95,0.6,0.52,0
15,5.21,3.03,2.33,3.32,1.85,1.42,1.42,0.91,0.82,0.95,0.6,0.49,0
16,5.4,2.88,2.08,3.18,1.97,1.42,1.42,0.95,0.86,0.91,0.6,0.49,0
17,5.4,3.03,2.48,3.32,1.97,1.32,1.37,0.95,0.86,0.95,0.56,0.52,0
18,5.4,3.03,2.33,3.18,1.85,1.53,1.42,0.95,0.86,0.91,0.6,0.52,0
19,5.6,3.03,2.33,3.18,1.74,1.53,1.42,0.91,0.82,0.86,0.56,0.49,0
20,5.21,3.03,2.33,3.18,1.74,1.42,1.53,0.91,0.78,0.91,0.56,0.52,0
21,5.4,3.03,2.22,2.74,1.85,1.27,1.63,0.91,0.78,0.82,0.63,0.52,0
22,5.4,3.03,2.33,2.74,1.85,1.22,1.37,0.95,0.78,0.86,0.63,0.52,0
23,5.4,3.18,2.48,2.74,1.85,1.42,1.37,0.91,0.78,0.91,0.6,0.52,0
24,5.4,3.03,2.48,2.74,1.85,1.37,1.42,0.95,0.78,0.86,0.63,0.46,0
25,5.6,2.88,2.22,3.03,1.74,1.22,1.32,0.91,0.78,0.86,0.63,0.49,0
26,5.4,2.74,2.33,2.74,1.85,1.37,1.37,0.91,0.78,0.82,0.63,0.49,0
27,5.4,3.03,2.22,2.74,1.97,1.27,1.42,0.91,0.78,0.95,0.56,0.49,0
28,5.4,2.88,2.33,2.88,1.97,1.27,1.37,0.91,0.78,0.86,0.52,0.49,0
29,5.4,2.88,2.22,2.74,1.97,1.37,1.37,0.91,0.78,0.82,0.6,0.52,0
30,5.4,2.88,2.22,2.74,1.97,1.37,1.32,0.91,0.82,0.91,0.56,0.49,0
31,5.6,2.74,2.33,2.88,1.97,1.32,1.37,0.86,0.78,0.91,0.6,0.49,0
32,5.6,2.88,2.33,2.74,1.97,1.37,1.37,0.91,0.78,0.91,0.6,0.49,0
33,5.6,2.88,2.33,2.74,1.97,1.27,1.42,0.91,0.82,0.86,0.6,0.52,0
34,5.21,2.88,2.33,2.74,1.85,1.27,1.37,0.91,0.78,0.95,0.6,0.46,0
35,5.4,2.88,2.22,2.61,1.97,1.27,1.37,0.95,0.78,0.86,0.56,0.52,0
36,5.21,3.03,2.33,2.88,1.85,1.27,1.37,0.91,0.78,0.78,0.6,0.49,0
37,5.4,2.88,2.22,2.88,1.85,1.27,1.37,0.91,0.82,0.95,0.56,0.49,0
38,5.4,3.03,2.48,2.74,1.85,1.22,1.37,0.91,0.78,0.91,0.56,0.52,0
39,5.4,3.18,2.48,2.88,1.85,1.42,1.37,0.91,0.78,0.86,0.56,0.49,0
40,5.21,3.03,2.33,2.88,1.85,1.37,1.37,0.91,0.78,0.82,0.52,0.49,0
41,5.4,3.18,2.33,2.88,1.85,1.37,1.42,0.95,0.78,0.91,0.63,0.52,0
42,5.4,3.03,2.33,2.88,1.85,1.37,1.37,0.95,0.78,0.78,0.6,0.56,0
43,5.21,3.18,2.48,2.88,1.85,1.32,1.37,0.91,0.78,0.95,0.6,0.52,0
44,5.21,3.03,2.33,2.74,1.85,1.32,1.37,0.91,0.82,0.86,0.56,0.52,0
45,5.21,3.03,2.33,2.88,1.74,1.22,1.42,0.91,0.78,0.78,0.52,0.46,0
46,5.4,3.03,2.48,2.88,1.85,1.32,1.37,0.95,0.82,0.86,0.56,0.49,0
47,5.21,3.18,2.22,3.03,1.85,1.37,1.37,0.91,0.78,0.86,0.6,0.52,0
48,5.21,3.18,2.33,3.03,1.85,1.32,1.37,0.95,0.78,0.86,0.56,0.49,0
49,5.21,3.03,2.33,2.88,1.74,1.37,1.42,0.91,0.78,0.86,0.6,0.49,0
50,5.21,3.18,2.33,2.88,1.74,1.37,1.37,0.91,0.78,0.86,0.63,0.49,0
51,5.4,3.03,2.22,2.88,1.74,1.27,1.37,0.95,0.78,0.86,0.6,0.49,0
52,5.21,3.03,2.33,2.74,1.85,1.17,1.37,0.91,0.78,0.86,0.6,0.49,0
53,5.4,3.18,2.33,2.74,1.74,1.22,1.37,0.91,0.82,0.91,0.6,0.49,0
54,5.21,3.03,2.22,3.03,1.74,1.22,1.37,0.95,0.78,0.86,0.56,0.52,0
55,5.01,3.03,2.33,2.88,1.85,1.22,1.37,0.91,0.78,0.86,0.6,0.49,0
56,5.21,3.03,2.22,2.74,1.85,1.22,1.42,0.91,0.78,0.86,0.52,0.52,0
57,5.21,3.03,2.22,2.74,1.85,1.32,1.37,0.91,0.82,0.82,0.6,0.52,0
58,5.21,2.74,2.22,2.74,1.74,1.32,1.37,0.91,0.78,0.91,0.6,0.49,0
59,5.4,2.88,2.48,2.74,1.74,1.22,1.37,0.91,0.78,0.91,0.6,0.56,0
60,5.4,2.88,2.61,2.74,1.85,1.32,1.32,0.91,0.78,0.86,0.56,0.52,0
61,5.6,2.74,2.48,2.74,1.97,1.22,1.37,0.91,0.78,0.82,0.56,0.52,0
62,5.4,2.88,2.33,2.74,1.85,1.22,1.32,0.91,0.78,0.86,0.6,0.56,0
63,5.4,2.74,2.33,2.61,1.85,1.27,1.42,0.91,0.78,0.91,0.6,0.49,0
64,5.6,2.74,2.33,2.88,1.97,1.32,1.37,0.91,0.82,0.82,0.63,0.52,0
65,5.4,2.74,2.22,2.88,1.85,1.32,1.37,1.42,0.82,0.91,0.56,0.56,0
66,5.4,2.74,2.33,2.74,1.85,1.27,1.37,1.08,0.78,0.86,0.6,0.52,0
67,5.4,2.88,2.33,2.74,1.85,1.22,1.32,0.95,0.78,0.82,0.56,0.49,0
68,5.4,2.74,2.33,2.88,1.74,1.32,1.42,1.01,0.78,0.91,0.56,0.49,0
69,5.4,2.74,2.08,2.74,1.85,1.37,1.37,0.95,0.78,0.95,0.56,0.52,0
70,5.4,2.88,2.48,2.74,1.85,1.32,1.37,0.91,0.78,0.82,0.6,0.6,0
71,5.21,2.88,2.33,2.88,1.85,1.32,1.37,0.86,0.82,0.91,0.6,0.49,0
72,5.21,3.03,2.08,2.74,1.85,1.27,1.32,0.91,0.78,0.91,0.52,0.49,0
73,5.01,2.88,2.61,3.03,1.85,1.22,1.37,0.91,0.78,0.82,0.56,0.52,0
74,5.4,2.88,2.61,3.03,1.85,1.32,1.37,0.86,0.78,0.86,0.6,0.52,0
75,5.21,2.88,2.48,3.03,1.85,1.32,1.32,0.86,0.78,0.82,0.56,0.52,0
76,5.21,2.88,2.48,2.88,1.85,1.22,1.32,0.86,0.78,0.86,0.6,0.52,0
77,5.21,3.03,2.61,2.74,1.74,1.37,1.42,0.86,0.82,0.82,0.6,0.49,0
78,5.21,2.88,2.61,2.88,1.85,1.27,1.37,0.86,0.82,0.78,0.6,0.52,0
79,5.4,2.88,2.88,2.74,1.97,1.27,1.32,0.86,0.78,0.95,0.63,0.52,0
80,5.21,2.88,2.61,2.74,1.74,1.37,1.37,0.86,0.78,0.91,0.56,0.49,0
81,5.4,2.88,2.61,2.61,1.85,1.32,1.37,0.86,0.82,0.91,0.52,0.52,0
82,5.21,2.74,2.48,2.74,1.74,1.22,1.37,0.91,0.78,1.04,0.6,0.49,0
83,5.21,2.88,2.61,2.74,2.08,1.32,1.37,0.91,0.78,0.91,0.6,0.52,0
84,5.4,2.74,2.48,2.88,1.97,1.27,1.37,0.86,0.78,0.82,0.56,0.49,0
85,5.4,2.88,2.48,2.74,1.97,1.22,1.37,0.86,0.78,0.86,0.63,0.52,0
86,5.4,3.03,2.61,2.74,2.08,1.32,1.37,0.86,0.78,0.91,0.6,0.49,0
87,5.4,2.88,2.48,2.74,1.97,1.27,1.32,0.86,0.82,0.86,0.63,0.49,0
88,5.21,2.88,2.48,2.61,1.97,1.22,1.37,0.86,0.78,0.91,0.6,0.52,0
89,5.01,3.03,2.48,2.74,1.97,1.32,1.37,0.86,0.78,0.91,0.63,0.52,0
90,5.01,3.03,2.48,2.74,1.97,1.22,1.37,0.86,0.82,0.82,0.6,0.56,0
91,5.4,2.88,2.74,2.88,1.74,1.27,1.37,0.91,0.82,0.86,0.63,0.52,0
92,5.4,2.88,2.48,2.74,1.85,1.22,1.37,0.86,0.78,0.86,0.6,0.52,0
93,5.4,3.03,2.22,2.61,1.85,1.27,1.42,0.91,0.78,0.91,0.63,0.49,0
94,5.4,2.88,2.22,2.74,1.85,1.37,1.42,0.86,0.78,0.78,0.6,0.56,0
95,5.21,3.03,2.33,2.74,1.97,1.27,1.32,0.82,0.78,0.86,0.63,0.56,0
96,5.21,2.88,2.22,2.74,1.85,1.22,1.37,0.91,0.78,0.86,0.63,0.52,0
97,5.4,2.88,2.33,2.74,1.85,1.22,1.37,0.91,0.78,0.86,0.6,0.56,0
98,5.21,2.88,2.61,2.74,1.85,1.22,1.37,0.91,0.78,0.91,0.63,0.63,0
99,5.4,2.88,2.33,2.88,1.85,1.13,1.37,0.91,0.78,0.82,0.6,0.56,0
100,5.4,2.88,2.33,2.74,1.97,1.22,1.42,0.91,0.78,0.86,0.6,0.6,0
101,4.84,2.88,2.33,2.88,1.97,1.13,1.37,0.91,0.78,0.82,0.56,0.63,0
102,5.01,3.03,2.33,2.74,1.97,1.37,1.37,0.91,0.78,0.86,0.56,0.52,0
103,5.01,2.88,2.33,2.74,1.97,1.27,1.37,0.91,0.82,0.82,0.63,0.49,0
104,5.21,2.88,2.48,2.74,1.85,1.32,1.32,0.91,0.82,0.78,0.6,0.49,0
105,5.4,2.88,2.48,2.74,1.85,1.22,1.42,0.86,0.82,0.91,0.63,0.6,0
106,5.21,2.88,2.33,2.61,1.85,1.27,1.37,0.86,0.78,0.91,0.63,0.52,0
107,5.21,2.88,2.22,2.61,1.85,1.32,1.32,0.86,0.78,0.95,0.63,0.52,0
108,5.01,2.88,2.33,2.74,1.85,1.27,1.32,0.86,0.78,0.86,0.6,0.49,0
109,5.01,3.03,2.48,2.74,1.74,1.27,1.37,0.86,0.86,0.86,0.52,0.52,0
110,5.4,2.88,2.48,2.74,1.85,1.42,1.37,0.86,0.82,0.86,0.6,0.56,0
111,5.4,2.88,2.33,2.88,1.74,1.37,1.37,0.86,0.78,0.86,0.63,0.56,0
112,5.21,2.74,2.48,2.74,1.74,1.37,1.37,0.91,0.78,0.91,0.6,0.56,0
113,5.01,2.88,2.48,2.88,1.85,1.42,1.37,0.91,0.78,0.91,0.6,0.52,0
114,5.01,3.03,2.33,2.74,1.74,1.37,1.32,0.91,0.78,0.95,0.6,0.56,0
115,5.21,3.18,2.48,3.03,1.74,1.63,1.37,0.91,0.78,0.95,0.63,0.52,0
116,4.84,3.18,2.48,3.03,1.97,1.42,1.37,0.91,0.78,1.01,0.63,0.52,0
117,4.84,3.03,2.48,2.74,1.85,1.53,1.37,0.91,0.78,0.95,0.63,0.52,0
118,5.01,3.03,2.33,2.74,1.85,1.42,1.37,0.86,0.82,1.04,0.63,0.52,0
119,4.84,3.03,2.33,3.03,1.97,1.42,1.32,0.86,0.82,0.82,0.6,0.56,0
120,5.01,3.03,2.48,2.74,2.08,1.42,1.32,0.91,0.78,0.91,0.63,0.49,0
121,5.01,2.88,1.97,2.74,2.08,1.42,1.32,0.91,0.82,0.86,0.63,0.52,0
122,4.84,3.03,2.48,2.74,1.97,1.13,1.37,0.86,0.82,0.91,0.56,0.52,0
123,5.21,2.74,2.33,2.74,1.85,1.17,1.37,0.91,0.82,0.91,0.6,0.52,0
124,4.84,2.61,2.08,2.74,1.97,1.42,1.32,0.91,0.82,0.86,0.63,0.52,0
125,4.84,2.61,2.22,2.88,1.85,1.42,1.32,0.86,0.78,0.78,0.6,0.56,0
126,5.01,2.61,2.08,2.74,1.97,1.53,1.37,0.95,0.78,0.86,0.56,0.56,0
127,5.01,2.74,2.22,2.74,1.85,1.53,1.37,0.95,0.82,0.91,0.6,0.52,0
128,4.84,2.88,2.08,2.74,1.97,1.42,1.37,0.91,0.78,0.91,0.63,0.52,0
129,5.01,2.74,2.22,2.74,2.08,1.53,1.37,0.91,0.78,0.91,0.63,0.56,0
130,4.84,2.74,2.48,2.88,1.85,1.53,1.22,0.86,0.78,0.91,0.6,0.56,0
131,5.01,2.74,2.48,2.88,1.85,1.42,1.32,0.91,0.78,0.91,0.6,0.49,0
132,5.01,2.74,2.48,3.03,1.85,1.42,1.37,0.91,0.78,0.91,0.63,0.56,0
133,4.66,2.74,2.48,2.88,1.85,1.37,1.42,0.82,0.78,1.01,0.63,0.52,0
134,4.84,3.03,2.48,3.03,1.74,1.32,1.42,0.86,0.78,1.04,0.6,0.52,0
135,5.01,2.88,2.61,2.74,1.85,1.32,1.42,0.86,0.82,0.95,0.6,0.52,0
136,5.01,2.88,2.48,2.88,1.97,1.37,1.37,0.91,0.82,0.91,0.63,0.4,0
137,5.01,2.88,2.61,2.88,1.97,1.32,1.27,0.95,0.78,0.82,0.6,0.52,0
138,5.01,2.74,2.61,3.03,1.97,1.22,1.22,0.78,0.82,0.91,0.6,0.52,0
139,5.01,2.88,2.33,2.88,1.97,1.37,1.22,0.95,0.78,0.86,0.6,0.52,0
140,5.21,2.88,2.33,2.88,1.85,1.27,1.27,0.95,0.82,0.91,0.63,0.52,0
141,5.01,2.88,2.33,2.88,1.85,1.27,1.13,0.82,0.78,0.86,0.6,0.52,0
142,5.01,2.88,2.48,2.88,1.97,1.32,1.27,0.82,0.78,0.91,0.67,0.52,0
143,5.01,2.88,2.33,2.88,1.74,1.27,1.32,0.82,0.63,0.86,0.67,0.52,0
144,4.84,2.88,2.33,3.03,1.85,1.27,1.13,0.82,0.74,0.86,0.63,0.52,0
145,5.01,2.74,2.48,2.88,1.85,1.37,1.13,0.82,0.74,0.91,0.52,0.6,0
146,5.01,2.61,2.33,2.74,1.85,1.37,1.53,0.78,0.78,0.82,0.6,0.43,0
147,5.01,2.88,2.33,2.88,1.97,1.32,1.42,0.82,0.91,0.86,0.56,0.52,0
148,5.01,2.74,2.48,2.88,1.85,1.37,1.53,0.82,0.67,0.86,0.6,0.6,0
149,5.01,2.88,2.33,3.03,1.85,1.37,1.27,0.82,0.86,0.78,0.63,0.52,0
150,5.01,3.18,2.33,2.88,1.97,1.37,1.27,0.78,0.82,0.82,0.67,0.4,0
151,3.79,2.22,1.74,1.42,1.01,0.67,1.01,0.67,0.63,0.49,0.34,0.27,1
152,3.66,2.22,1.63,1.42,1.08,0.78,0.91,0.7,0.67,0.43,0.3,0.27,1
153,3.79,2.22,1.74,1.74,1.08,0.78,0.95,0.63,0.67,0.49,0.27,0.31,1
154,3.66,2.33,1.63,1.42,1.01,0.82,1.01,0.63,0.67,0.49,0.3,0.31,1
155,3.79,2.22,1.74,1.63,1.08,0.7,1.01,0.67,0.67,0.49,0.27,0.31,1
156,3.47,2.22,1.74,1.42,1.22,0.78,0.91,0.63,0.67,0.49,0.27,0.3,1
157,3.79,2.22,1.74,1.42,1.04,0.67,0.86,0.67,0.67,0.46,0.34,0.3,1
158,3.66,2.22,1.74,1.42,1.08,0.7,0.86,0.67,0.74,0.43,0.4,0.3,1
159,3.66,2.22,1.63,1.53,1.13,0.7,0.91,0.7,0.67,0.43,0.37,0.31,1
160,3.47,2.22,1.63,1.63,1.08,0.7,0.91,0.63,0.74,0.49,0.34,0.31,1
161,3.66,2.08,1.63,1.42,1.08,0.82,0.74,0.67,0.67,0.43,0.4,0.3,1
162,3.47,2.22,1.74,1.53,1.04,0.74,0.86,0.67,0.67,0.46,0.37,0.34,1
163,3.66,2.33,1.74,1.42,1.01,0.7,0.91,0.6,0.63,0.46,0.37,0.3,1
164,3.32,2.22,1.63,1.53,1.04,0.82,0.91,0.67,0.7,0.52,0.4,0.31,1
165,3.66,2.22,1.63,1.53,1.13,0.82,0.86,0.6,0.67,0.49,0.37,0.31,1
166,3.66,2.08,1.74,1.32,1.04,0.67,0.91,0.67,0.63,0.49,0.37,0.31,1
167,3.66,2.08,1.63,1.53,1.04,0.78,0.95,0.63,0.67,0.52,0.37,0.31,1
168,3.66,2.08,1.74,1.53,1.13,0.86,0.86,0.6,0.7,0.49,0.37,0.31,1
169,3.66,2.08,1.63,1.42,1.08,0.7,0.95,0.63,0.7,0.43,0.4,0.3,1
170,3.79,2.08,1.63,1.63,1.13,0.78,0.91,0.6,0.7,0.49,0.34,0.3,1
171,3.66,2.08,1.74,1.63,1.13,0.74,0.91,0.67,0.7,0.49,0.34,0.31,1
172,3.66,2.08,1.74,1.42,0.95,0.78,1.08,0.63,0.63,0.52,0.4,0.31,1
173,3.66,1.97,1.53,1.42,1.04,0.82,1.01,0.6,0.7,0.43,0.34,0.31,1
174,3.66,1.97,1.53,1.53,1.01,0.7,1.04,0.6,0.74,0.43,0.31,0.34,1
175,3.79,1.97,1.74,1.53,1.01,0.78,0.95,0.67,0.63,0.4,0.4,0.31,1
176,4.31,1.97,1.74,1.42,1.17,0.86,1.01,0.6,0.67,0.49,0.4,0.3,1
177,3.47,1.97,1.74,1.32,0.86,0.78,1.04,0.67,0.7,0.49,0.31,0.34,1
178,3.79,2.08,1.63,1.74,1.01,0.86,1.04,0.63,0.67,0.4,0.37,0.31,1
179,3.66,2.08,1.63,1.53,1.04,0.82,0.95,0.6,0.74,0.4,0.34,0.31,1
180,3.79,1.97,1.74,1.63,1.13,0.78,1.04,0.63,0.67,0.4,0.4,0.34,1
181,3.79,2.08,1.74,1.37,1.08,0.91,0.95,0.67,0.67,0.46,0.34,0.3,1
182,3.47,1.97,1.74,1.42,1.13,0.78,1.04,0.63,0.7,0.43,0.34,0.34,1
183,3.66,2.08,1.63,1.63,1.04,0.91,1.04,0.63,0.67,0.43,0.37,0.34,1
184,4.31,1.97,1.74,1.37,0.91,0.91,1.01,0.6,0.63,0.43,0.34,0.31,1
185,3.47,1.97,1.74,1.63,1.08,0.86,1.04,0.6,0.63,0.43,0.34,0.31,1
186,3.79,1.97,1.63,1.74,1.01,0.91,0.91,0.63,0.63,0.46,0.37,0.37,1
187,3.47,1.97,1.63,1.42,1.13,0.82,0.86,0.63,0.7,0.49,0.4,0.31,1
188,3.47,2.08,1.53,1.32,0.95,0.74,0.91,0.63,0.67,0.46,0.34,0.31,1
189,3.66,2.22,1.85,1.53,0.95,0.74,0.91,0.6,0.67,0.49,0.4,0.37,1
190,3.66,1.97,1.74,1.42,1.08,0.86,0.86,0.63,0.63,0.49,0.34,0.34,1
191,3.47,2.08,1.97,1.63,1.01,0.86,0.86,0.63,0.74,0.43,0.4,0.3,1
192,4.31,1.97,1.85,1.63,1.01,0.86,0.91,0.6,0.67,0.43,0.31,0.3,1
193,3.79,2.08,1.85,1.42,0.91,0.86,0.86,0.6,0.74,0.49,0.4,0.31,1
194,3.66,1.97,1.74,1.42,1.04,0.67,0.95,0.63,0.67,0.46,0.4,0.34,1
195,3.79,2.08,1.63,1.63,1.01,0.86,0.91,0.6,0.63,0.46,0.4,0.3,1
196,3.79,2.08,1.63,1.63,1.04,0.78,0.91,0.63,0.7,0.49,0.37,0.31,1
197,3.66,2.08,1.74,1.37,1.08,0.74,0.91,0.67,0.74,0.43,0.34,0.3,1
198,3.47,1.97,1.74,1.37,0.95,0.7,0.82,0.67,0.7,0.46,0.34,0.3,1
199,3.66,2.08,1.53,1.63,1.17,0.78,0.86,0.63,0.7,0.46,0.31,0.3,1
200,3.66,2.08,1.63,1.53,1.13,0.7,0.74,0.56,0.7,0.49,0.37,0.3,1
201,3.79,1.97,1.74,1.42,1.01,0.78,0.86,0.6,0.67,0.49,0.37,0.31,1
202,4.31,2.08,1.85,1.32,1.17,0.78,0.86,0.6,0.67,0.43,0.34,0.31,1
203,3.47,1.97,1.63,1.63,1.01,0.74,0.91,0.63,0.67,0.43,0.37,0.37,1
204,3.66,2.08,1.74,1.37,1.08,0.82,0.91,0.56,0.7,0.49,0.37,0.34,1
205,3.66,1.85,1.63,1.37,1.13,0.86,0.82,0.63,0.63,0.43,0.34,0.31,1
206,3.79,2.08,1.63,1.53,1.01,0.86,0.91,0.7,0.67,0.49,0.31,0.31,1
207,3.66,1.97,1.63,1.37,1.08,0.91,0.78,0.63,0.63,0.43,0.37,0.3,1
208,3.47,1.97,1.63,1.63,1.04,0.78,0.86,0.63,0.63,0.49,0.37,0.31,1
209,3.66,2.33,1.63,1.63,1.04,0.82,0.86,0.7,0.63,0.43,0.37,0.31,1
210,3.66,2.33,1.63,1.53,0.91,0.86,0.91,0.67,0.67,0.43,0.34,0.3,1
211,3.66,2.22,1.63,1.63,1.04,0.63,0.91,0.7,0.67,0.49,0.34,0.34,1
212,3.79,2.22,1.74,1.42,1.08,0.78,0.82,0.6,0.63,0.4,0.37,0.31,1
213,3.47,2.08,1.63,1.63,1.08,0.67,0.82,0.56,0.67,0.46,0.37,0.31,1
214,3.66,1.97,1.74,1.63,1.01,0.78,0.95,0.49,0.74,0.49,0.37,0.34,1
215,3.47,1.97,1.63,1.53,1.01,0.86,0.86,0.52,0.7,0.49,0.37,0.34,1
216,3.47,1.97,1.74,1.53,1.01,0.91,0.86,0.52,0.63,0.43,0.37,0.31,1
217,3.47,2.08,1.85,1.32,0.91,0.74,0.91,0.52,0.63,0.46,0.34,0.31,1
218,3.79,1.97,1.74,1.63,1.08,0.91,0.91,0.52,0.7,0.43,0.37,0.31,1
219,3.79,2.08,1.63,1.42,1.04,0.82,0.95,0.52,0.67,0.49,0.37,0.37,1
220,3.79,1.97,1.74,1.63,0.91,0.82,0.95,0.52,0.63,0.4,0.31,0.31,1
221,3.66,1.97,1.63,1.42,1.04,0.74,1.01,0.6,0.63,0.43,0.34,0.31,1
222,3.79,1.97,1.63,1.42,0.95,0.74,1.01,0.52,0.67,0.4,0.37,0.31,1
223,3.66,2.08,1.63,1.42,1.01,0.67,0.91,0.52,0.67,0.4,0.34,0.34,1
224,3.47,1.97,1.63,1.42,1.04,0.91,0.91,0.52,0.67,0.49,0.31,0.31,1
225,3.47,2.08,1.53,1.32,1.04,0.67,0.82,0.56,0.63,0.43,0.31,0.31,1
226,3.18,2.08,1.63,1.42,0.91,0.74,0.82,0.56,0.63,0.46,0.34,0.3,1
227,3.66,1.97,1.63,1.37,1.08,0.7,0.86,0.52,0.6,0.49,0.31,0.31,1
228,3.47,2.08,1.74,1.53,1.17,0.74,0.86,0.56,0.67,0.4,0.37,0.34,1
229,3.47,2.22,1.63,1.42,1.04,0.7,0.86,0.52,0.67,0.46,0.37,0.34,1
230,3.66,2.08,1.63,1.37,0.95,0.78,0.91,0.52,0.63,0.43,0.37,0.3,1
231,3.47,2.08,1.53,1.63,0.95,0.82,0.86,0.6,0.67,0.46,0.31,0.31,1
232,3.47,1.97,1.63,1.32,0.91,0.86,0.86,0.56,0.67,0.49,0.37,0.37,1
233,3.47,2.22,1.63,1.53,1.08,0.78,0.95,0.63,0.63,0.46,0.37,0.31,1
234,3.47,2.08,1.63,1.42,0.95,0.78,0.82,0.63,0.67,0.43,0.31,0.31,1
235,3.47,2.08,1.63,1.42,1.01,0.78,0.86,0.67,0.67,0.43,0.37,0.31,1
236,3.79,1.97,1.74,1.37,1.13,1.01,0.86,0.63,0.67,0.49,0.37,0.31,1
237,3.47,2.08,1.63,1.53,0.95,0.82,0.78,0.63,0.63,0.49,0.37,0.3,1
238,3.66,2.08,1.63,1.53,0.91,0.91,0.91,0.67,0.63,0.46,0.37,0.27,1
239,3.79,2.08,1.63,1.37,1.04,0.86,0.91,0.6,0.67,0.4,0.4,0.34,1
240,3.47,2.22,1.74,1.42,1.08,0.91,0.86,0.63,0.67,0.49,0.31,0.31,1
241,3.47,2.08,1.63,1.53,1.08,0.82,0.91,0.63,0.67,0.49,0.37,0.27,1
242,3.79,2.22,1.53,1.53,0.95,0.78,0.86,0.63,0.67,0.46,0.37,0.31,1
243,3.79,2.08,1.53,1.63,1.04,0.74,0.82,0.63,0.67,0.43,0.31,0.37,1
244,3.66,2.08,1.63,1.63,1.04,0.78,0.91,0.6,0.67,0.43,0.37,0.31,1
245,3.66,2.08,1.63,1.42,0.91,0.78,0.82,0.63,0.63,0.49,0.34,0.3,1
246,3.47,2.08,1.74,1.53,1.04,0.74,0.86,0.63,0.67,0.46,0.34,0.31,1
247,3.66,1.97,1.85,1.74,1.01,0.78,0.91,0.63,0.67,0.4,0.37,0.31,1
248,3.66,2.08,1.74,1.53,1.08,0.74,0.95,0.63,0.63,0.4,0.31,0.31,1
249,3.47,2.08,1.74,1.42,0.91,0.78,0.86,0.63,0.67,0.49,0.34,0.3,1
250,3.66,2.08,1.74,1.53,1.13,0.67,0.91,0.63,0.67,0.52,0.34,0.31,1
251,4.31,1.97,1.63,1.63,1.04,0.78,0.82,0.6,0.74,0.46,0.34,0.34,1
252,3.66,2.33,1.74,1.42,1.01,0.82,0.78,0.67,0.6,0.49,0.31,0.37,1
253,3.66,2.08,1.74,1.53,1.04,0.78,0.86,0.63,0.67,0.49,0.34,0.4,1
254,3.66,2.08,1.74,1.42,0.91,0.74,0.86,0.6,0.67,0.43,0.4,0.43,1
255,3.47,2.22,1.74,1.42,1.01,0.82,0.86,0.63,0.7,0.43,0.37,0.4,1
256,3.32,1.74,1.74,1.37,0.95,0.74,0.91,0.63,0.74,0.49,0.37,0.4,1
257,3.66,1.97,1.74,1.63,1.08,0.7,0.91,0.6,0.67,0.43,0.37,0.4,1
258,3.47,2.08,1.74,1.37,0.95,0.82,1.01,0.63,0.63,0.4,0.34,0.43,1
259,3.66,2.08,1.74,1.63,0.91,0.78,0.91,0.6,0.7,0.46,0.31,0.4,1
260,3.66,2.08,1.74,1.53,1.08,0.78,0.91,0.67,0.63,0.49,0.37,0.4,1
261,3.47,2.08,1.74,1.63,1.04,0.74,0.86,0.63,0.67,0.46,0.37,0.4,1
262,3.66,1.97,1.74,1.37,1.01,0.78,0.95,0.6,0.63,0.43,0.34,0.4,1
263,3.66,2.08,1.74,1.53,0.91,0.86,0.86,0.56,0.63,0.46,0.34,0.43,1
264,3.79,1.97,1.53,1.53,1.08,0.86,0.95,0.6,0.63,0.43,0.31,0.4,1
265,3.47,1.97,1.63,1.53,1.01,0.78,0.95,0.63,0.63,0.43,0.34,0.43,1
266,3.79,1.97,1.74,1.32,1.04,0.86,0.91,0.63,0.67,0.46,0.34,0.37,1
267,3.79,2.08,1.74,1.42,1.17,0.82,0.95,0.6,0.7,0.43,0.37,0.37,1
268,3.47,2.08,1.53,1.53,0.95,0.86,1.01,0.67,0.6,0.4,0.37,0.43,1
269,3.79,2.08,1.63,1.42,1.01,0.82,0.95,0.63,0.63,0.4,0.34,0.43,1
270,3.66,1.97,1.53,1.63,1.01,0.86,0.95,0.63,0.67,0.49,0.4,0.37,1
271,3.66,2.08,1.53,1.63,1.04,0.67,0.86,0.63,0.67,0.46,0.31,0.4,1
272,3.66,2.22,1.63,1.53,1.01,0.78,1.01,0.63,0.67,0.49,0.34,0.43,1
273,3.66,1.97,1.63,1.63,1.04,0.78,0.95,0.63,0.63,0.4,0.34,0.31,1
274,3.66,2.08,1.53,1.63,0.95,0.7,0.91,0.63,0.63,0.4,0.34,0.31,1
275,3.47,1.97,1.53,1.37,1.04,0.78,0.86,0.67,0.63,0.43,0.37,0.3,1
276,3.66,2.08,1.53,1.42,0.95,0.78,0.86,0.6,0.74,0.49,0.31,0.27,1
277,3.47,1.97,1.53,1.42,0.95,0.74,0.78,0.63,0.67,0.46,0.4,0.27,1
278,3.66,2.08,1.53,1.37,1.01,0.67,0.91,0.63,0.7,0.49,0.37,0.31,1
279,3.79,2.22,1.53,1.37,1.01,0.7,0.91,0.63,0.67,0.43,0.37,0.31,1
280,3.47,2.08,1.53,1.42,1.01,0.7,0.86,0.6,0.67,0.49,0.34,0.31,1
281,3.47,2.08,1.63,1.53,1.01,0.74,0.78,0.6,0.63,0.46,0.34,0.26,1
282,3.79,1.97,1.63,1.37,1.04,0.78,0.91,0.63,0.67,0.46,0.4,0.31,1
283,3.79,2.22,1.63,1.42,1.04,0.86,1.04,0.6,0.63,0.46,0.34,0.26,1
284,3.66,2.08,1.53,1.63,1.17,0.74,0.91,0.63,0.67,0.49,0.34,0.26,1
285,3.79,2.22,1.74,1.37,1.08,0.78,0.95,0.56,0.67,0.43,0.37,0.3,1
286,3.66,2.08,1.85,1.53,1.04,0.78,0.95,0.6,0.67,0.46,0.43,0.31,1
287,3.79,2.08,1.85,1.53,0.95,0.74,0.95,0.63,0.6,0.46,0.4,0.27,1
288,3.79,2.08,1.85,1.42,1.13,0.74,1.01,0.74,0.67,0.46,0.34,0.3,1
289,3.79,2.08,1.74,1.32,1.08,0.78,0.91,0.56,0.63,0.4,0.34,0.31,1
290,3.66,2.08,1.74,1.63,1.08,0.7,0.95,0.52,0.63,0.46,0.4,0.34,1
291,3.79,2.08,1.85,1.37,1.01,0.82,1.01,0.52,0.67,0.49,0.37,0.34,1
292,3.66,2.22,1.85,1.53,1.13,0.78,0.91,0.56,0.6,0.49,0.4,0.4,1
293,3.66,2.08,1.74,1.42,1.17,0.78,1.01,0.6,0.63,0.46,0.37,0.37,1
294,3.79,2.08,1.63,1.37,1.08,0.7,1.04,0.6,0.7,0.49,0.34,0.34,1
295,4.31,2.08,1.63,1.37,1.08,0.74,1.01,0.67,0.74,0.49,0.37,0.31,1
296,4.31,1.97,1.63,1.53,1.01,0.78,1.01,0.74,0.67,0.49,0.34,0.3,1
297,3.66,2.22,1.63,1.63,1.01,0.82,0.91,0.74,0.63,0.43,0.34,0.3,1
298,3.79,1.97,1.63,1.53,1.08,0.82,0.91,0.6,0.67,0.46,0.37,0.27,1
299,3.66,1.97,1.63,1.37,0.95,0.74,1.01,0.52,0.7,0.49,0.37,0.26,1
300,3.79,2.08,1.63,1.37,1.04,0.82,1.04,0.7,0.6,0.49,0.43,0.31,1
301,1.85,1.53,1.13,0.91,0.63,0.4,0.52,0.37,0.43,0.27,0.26,0.2,2
302,2.22,1.37,1.08,0.6,0.6,0.52,0.46,0.37,0.26,0.31,0.31,0.26,2
303,1.97,1.01,0.91,0.74,0.63,0.56,0.43,0.43,0.37,0.23,0.24,0.18,2
304,2.08,1.32,1.01,0.6,0.74,0.31,0.6,0.34,0.26,0.26,0.27,0.19,2
305,2.08,1.42,0.86,0.82,0.63,0.3,0.56,0.34,0.23,0.27,0.19,0.18,2
306,2.22,1.32,1.13,1.01,0.56,0.43,0.46,0.37,0.24,0.24,0.19,0.26,2
307,1.74,1.32,1.04,0.7,0.67,0.37,0.4,0.34,0.34,0.27,0.2,0.21,2
308,1.85,1.42,1.13,0.56,0.34,0.3,0.43,0.43,0.3,0.24,0.18,0.23,2
309,1.97,1.27,1.04,0.7,0.67,0.4,0.52,0.43,0.31,0.34,0.2,0.27,2
310,2.48,1.37,0.91,0.91,0.49,0.31,0.34,0.31,0.34,0.21,0.19,0.18,2
311,2.33,1.37,0.95,0.67,0.43,0.34,0.6,0.37,0.31,0.26,0.23,0.18,2
312,2.33,1.27,1.17,0.56,0.49,0.49,0.56,0.37,0.34,0.21,0.19,0.23,2
313,1.74,1.22,1.17,0.6,0.49,0.34,0.34,0.37,0.4,0.23,0.2,0.21,2
314,2.33,1.17,1.13,0.49,0.4,0.37,0.43,0.37,0.37,0.34,0.19,0.27,2
315,2.61,1.32,1.22,0.63,0.52,0.4,0.46,0.43,0.4,0.34,0.24,0.24,2
316,1.85,1.53,1.13,1.08,0.56,0.37,0.52,0.34,0.37,0.34,0.2,0.21,2
317,2.33,1.37,1.27,1.04,0.46,0.63,0.6,0.4,0.37,0.24,0.21,0.19,2
318,2.33,1.17,1.08,0.6,0.46,0.37,0.46,0.31,0.3,0.31,0.19,0.24,2
319,1.85,1.27,1.27,0.67,0.49,0.4,0.37,0.4,0.4,0.37,0.2,0.23,2
320,2.33,1.37,1.17,0.56,0.4,0.37,0.49,0.34,0.31,0.37,0.21,0.23,2
321,1.74,1.37,1.04,0.91,0.63,0.34,0.49,0.43,0.37,0.27,0.2,0.21,2
322,2.48,1.42,1.08,0.74,0.56,0.49,0.46,0.4,0.3,0.3,0.18,0.26,2
323,1.97,1.17,1.17,0.78,0.46,0.52,0.4,0.37,0.3,0.27,0.23,0.2,2
324,1.97,1.37,0.82,0.86,0.43,0.46,0.52,0.31,0.3,0.31,0.24,0.2,2
325,1.53,1.53,0.91,0.74,0.43,0.4,0.49,0.34,0.4,0.24,0.21,0.27,2
326,2.08,1.53,1.42,0.86,0.46,0.52,0.63,0.31,0.37,0.31,0.26,0.2,2
327,2.48,1.42,1.08,0.82,0.56,0.31,0.52,0.4,0.31,0.27,0.26,0.2,2
328,1.63,1.53,0.86,1.04,0.34,0.37,0.43,0.27,0.31,0.37,0.19,0.24,2
329,2.33,1.53,1.22,0.95,0.4,0.49,0.63,0.31,0.31,0.4,0.24,0.24,2
330,1.63,1.13,1.08,1.01,0.56,0.52,0.34,0.4,0.34,0.31,0.2,0.23,2
331,1.63,1.53,0.95,1.04,0.52,0.52,0.46,0.49,0.4,0.27,0.23,0.23,2
332,2.33,1.27,1.17,0.86,0.49,0.37,0.6,0.4,0.27,0.31,0.19,0.2,2
333,1.85,1.22,1.04,0.63,0.52,0.56,0.43,0.37,0.37,0.23,0.21,0.21,2
334,1.74,1.22,1.27,0.6,0.4,0.37,0.43,0.31,0.37,0.31,0.18,0.19,2
335,2.22,1.42,1.13,0.74,0.63,0.31,0.34,0.34,0.31,0.23,0.22,0.2,2
336,1.74,1.17,1.17,0.78,0.46,0.49,0.43,0.31,0.37,0.24,0.19,0.19,2
337,1.53,1.13,1.01,0.49,0.78,0.56,0.6,0.34,0.31,0.37,0.23,0.2,2
338,2.08,1.01,1.04,0.46,0.43,0.4,0.37,0.34,0.4,0.21,0.16,0.24,2
339,2.22,1.08,1.04,0.6,0.43,0.3,0.49,0.37,0.31,0.26,0.23,0.19,2
340,2.08,1.27,1.04,0.67,0.56,0.37,0.46,0.37,0.26,0.24,0.24,0.19,2
341,1.74,1.53,0.95,0.78,0.46,0.6,0.34,0.31,0.37,0.31,0.2,0.18,2
342,2.22,1.37,1.27,0.56,0.63,0.4,0.52,0.43,0.31,0.26,0.19,0.21,2
343,2.22,1.53,1.01,0.63,0.4,0.49,0.43,0.3,0.3,0.4,0.21,0.23,2
344,2.22,1.17,1.13,0.7,0.37,0.31,0.43,0.37,0.34,0.23,0.19,0.19,2
345,2.08,1.17,0.91,1.04,0.4,0.4,0.43,0.37,0.31,0.31,0.23,0.23,2
346,1.85,1.42,0.86,0.86,0.52,0.63,0.46,0.37,0.4,0.37,0.23,0.17,2
347,2.61,1.37,1.01,0.74,0.52,0.52,0.34,0.37,0.3,0.26,0.22,0.19,2
348,2.61,1.63,1.17,0.7,0.67,0.31,0.4,0.4,0.31,0.37,0.27,0.18,2
349,1.53,1.13,1.37,0.63,0.46,0.52,0.43,0.37,0.4,0.23,0.24,0.17,2
350,2.08,1.32,1.37,0.7,0.37,0.37,0.52,0.37,0.31,0.24,0.2,0.21,2
351,2.74,1.37,0.91,0.78,0.46,0.52,0.43,0.37,0.27,0.37,0.19,0.26,2
352,2.22,1.37,1.27,0.49,0.6,0.3,0.6,0.31,0.34,0.24,0.19,0.23,2
353,1.97,1.42,1.22,0.63,0.7,0.3,0.34,0.43,0.37,0.34,0.19,0.23,2
354,2.61,1.63,1.22,0.52,0.37,0.46,0.4,0.4,0.3,0.3,0.24,0.23,2
355,1.85,1.53,0.86,0.6,0.6,0.37,0.4,0.4,0.31,0.26,0.19,0.19,2
356,2.22,1.42,1.27,0.91,0.74,0.56,0.49,0.43,0.37,0.34,0.2,0.2,2
357,1.85,1.53,1.01,0.6,0.52,0.31,0.43,0.37,0.3,0.23,0.2,0.18,2
358,2.08,1.42,1.42,0.67,0.4,0.4,0.4,0.43,0.31,0.31,0.2,0.23,2
359,2.08,1.53,0.95,0.63,0.74,0.31,0.43,0.34,0.43,0.31,0.19,0.22,2
360,2.33,1.32,0.82,0.91,0.4,0.49,0.52,0.4,0.37,0.22,0.27,0.22,2
361,2.33,1.37,1.22,0.6,0.46,0.49,0.52,0.43,0.27,0.26,0.27,0.21,2
362,1.97,1.42,0.82,1.04,0.46,0.34,0.37,0.37,0.31,0.27,0.27,0.27,2
363,1.85,1.53,1.08,0.6,0.34,0.34,0.37,0.43,0.43,0.2,0.27,0.24,2
364,2.08,1.37,0.86,0.95,0.67,0.49,0.43,0.4,0.27,0.31,0.24,0.24,2
365,2.74,1.01,1.08,0.63,0.56,0.49,0.56,0.31,0.31,0.31,0.3,0.19,2
366,2.22,1.53,1.04,1.04,0.34,0.4,0.46,0.34,0.37,0.31,0.3,0.23,2
367,2.74,1.17,1.08,0.6,0.4,0.49,0.37,0.37,0.37,0.27,0.2,0.2,2
368,1.97,1.27,0.82,1.04,0.7,0.37,0.4,0.43,0.4,0.31,0.24,0.23,2
369,2.61,1.63,1.17,1.04,0.49,0.31,0.37,0.4,0.31,0.21,0.26,0.23,2
370,2.08,1.42,1.22,0.52,0.52,0.46,0.6,0.43,0.4,0.31,0.23,0.19,2
371,2.48,1.32,0.91,0.86,0.43,0.4,0.46,0.31,0.37,0.21,0.24,0.19,2
372,2.08,1.63,1.08,0.7,0.52,0.46,0.34,0.31,0.3,0.24,0.3,0.24,2
373,1.53,1.42,1.04,0.63,0.67,0.37,0.52,0.37,0.43,0.21,0.24,0.21,2
374,2.33,1.63,0.86,0.63,0.67,0.37,0.34,0.49,0.34,0.26,0.23,0.18,2
375,1.63,1.53,1.08,0.91,0.43,0.49,0.63,0.34,0.43,0.34,0.21,0.17,2
376,1.97,1.53,1.04,0.6,0.63,0.34,0.49,0.43,0.3,0.3,0.19,0.22,2
377,2.22,1.42,1.01,0.49,0.49,0.3,0.4,0.34,0.27,0.31,0.3,0.21,2
378,1.53,1.22,1.01,0.95,0.49,0.31,0.43,0.43,0.3,0.3,0.27,0.23,2
379,2.61,1.53,1.01,0.74,0.63,0.31,0.46,0.3,0.34,0.31,0.27,0.17,2
380,2.08,1.63,1.04,0.78,0.46,0.43,0.46,0.31,0.37,0.23,0.19,0.2,2
381,1.97,1.08,0.86,0.82,0.46,0.31,0.49,0.34,0.37,0.31,0.2,0.19,2
382,2.61,1.17,1.08,0.86,0.43,0.43,0.49,0.31,0.4,0.26,0.3,0.19,2
383,2.33,1.17,0.91,0.91,0.52,0.52,0.52,0.43,0.37,0.26,0.31,0.24,2
384,1.97,1.32,0.74,0.67,0.43,0.46,0.37,0.34,0.31,0.23,0.2,0.2,2
385,2.48,1.63,0.86,0.49,0.56,0.43,0.46,0.34,0.43,0.31,0.24,0.2,2
386,1.74,1.53,1.04,0.86,0.46,0.37,0.56,0.43,0.31,0.34,0.2,0.21,2
387,2.08,1.17,1.17,0.91,0.49,0.43,0.46,0.4,0.27,0.24,0.23,0.24,2
388,2.08,1.63,1.04,0.86,0.6,0.46,0.43,0.37,0.34,0.27,0.26,0.24,2
389,2.22,1.42,1.08,0.91,0.4,0.34,0.56,0.4,0.27,0.3,0.19,0.19,2
390,2.08,1.17,0.74,0.63,0.34,0.37,0.43,0.34,0.37,0.24,0.27,0.19,2
391,1.63,1.37,1.01,0.63,0.43,0.52,0.52,0.4,0.27,0.24,0.26,0.19,2
392,2.22,1.42,0.95,1.01,0.37,0.49,0.56,0.3,0.43,0.3,0.19,0.23,2
393,1.63,1.53,1.08,0.56,0.56,0.37,0.46,0.4,0.4,0.21,0.2,0.19,2
394,2.33,1.37,1.04,0.82,0.46,0.49,0.37,0.37,0.4,0.23,0.23,0.19,2
395,1.97,1.42,0.91,0.74,0.4,0.56,0.56,0.34,0.34,0.31,0.19,0.2,2
396,1.85,1.42,0.82,0.6,0.4,0.4,0.52,0.4,0.34,0.24,0.26,0.23,2
397,1.97,1.17,0.86,0.78,0.63,0.31,0.46,0.49,0.31,0.23,0.2,0.23,2
398,1.74,1.17,1.08,0.6,0.43,0.49,0.43,0.31,0.4,0.23,0.2,0.19,2
399,1.74,1.27,0.78,0.74,0.6,0.46,0.49,0.37,0.37,0.27,0.19,0.19,2
400,1.63,1.63,0.78,0.52,0.43,0.46,0.37,0.37,0.34,0.34,0.23,0.26,2
401,1.63,1.42,0.78,0.67,0.43,0.49,0.52,0.4,0.31,0.31,0.21,0.21,2
402,2.08,1.74,1.04,0.86,0.67,0.6,0.4,0.43,0.43,0.27,0.19,0.26,2
403,2.22,1.08,0.86,0.49,0.49,0.52,0.46,0.43,0.34,0.2,0.21,0.2,2
404,2.74,1.37,0.91,0.63,0.56,0.46,0.52,0.37,0.37,0.34,0.26,0.24,2
405,2.48,1.27,0.86,0.7,0.63,0.31,0.43,0.46,0.37,0.31,0.23,0.16,2
406,2.33,1.63,0.82,0.91,0.7,0.4,0.56,0.4,0.4,0.37,0.2,0.19,2
407,2.22,1.53,0.86,0.63,0.52,0.46,0.6,0.34,0.4,0.26,0.24,0.18,2
408,2.48,1.08,1.13,0.95,0.43,0.34,0.43,0.34,0.4,0.23,0.19,0.26,2
409,2.33,1.27,1.04,0.67,0.43,0.46,0.37,0.43,0.26,0.21,0.21,0.22,2
410,2.61,1.32,0.91,0.6,0.74,0.31,0.4,0.3,0.43,0.31,0.27,0.19,2
411,2.61,1.74,1.01,1.01,0.46,0.46,0.49,0.4,0.3,0.27,0.26,0.23,2
412,2.22,1.42,0.91,0.78,0.37,0.4,0.37,0.37,0.27,0.27,0.2,0.18,2
413,2.22,1.74,0.91,0.74,0.49,0.49,0.56,0.46,0.3,0.31,0.21,0.19,2
414,2.33,1.74,1.08,0.91,0.43,0.34,0.43,0.31,0.37,0.31,0.26,0.26,2
415,1.97,1.04,0.91,0.67,0.63,0.4,0.46,0.31,0.43,0.26,0.2,0.19,2
416,2.22,1.37,1.04,0.63,0.63,0.31,0.4,0.3,0.4,0.27,0.19,0.21,2
417,2.08,1.42,0.95,0.95,0.4,0.37,0.4,0.27,0.31,0.3,0.26,0.24,2
418,2.33,1.42,1.01,0.6,0.43,0.43,0.49,0.4,0.31,0.31,0.21,0.19,2
419,1.97,1.37,1.08,0.78,0.4,0.34,0.6,0.34,0.37,0.23,0.19,0.2,2
420,2.08,1.37,0.86,0.91,0.46,0.46,0.37,0.46,0.43,0.2,0.24,0.21,2
421,2.61,1.13,1.08,0.86,0.37,0.34,0.49,0.43,0.37,0.34,0.19,0.19,2
422,2.08,1.01,0.91,0.91,0.37,0.43,0.46,0.43,0.37,0.31,0.19,0.23,2
423,1.97,1.17,0.82,0.95,0.52,0.37,0.49,0.4,0.3,0.26,0.21,0.18,2
424,2.74,1.17,0.95,0.74,0.43,0.43,0.4,0.31,0.34,0.24,0.19,0.19,2
425,2.22,1.13,0.91,0.91,0.56,0.34,0.49,0.4,0.31,0.24,0.23,0.2,2
426,2.48,1.42,1.37,0.49,0.49,0.52,0.43,0.4,0.26,0.31,0.19,0.21,2
427,2.61,1.37,1.37,0.63,0.6,0.34,0.49,0.31,0.43,0.26,0.19,0.16,2
428,1.97,1.53,1.22,0.6,0.4,0.46,0.37,0.3,0.31,0.27,0.3,0.2,2
429,2.33,1.22,1.42,0.49,0.43,0.49,0.56,0.46,0.31,0.31,0.27,0.18,2
430,1.85,1.63,1.01,0.52,0.6,0.49,0.37,0.37,0.37,0.31,0.2,0.24,2
431,2.08,1.04,0.95,0.91,0.4,0.31,0.6,0.27,0.26,0.2,0.27,0.23,2
432,1.97,1.17,1.04,0.63,0.49,0.37,0.4,0.34,0.31,0.27,0.19,0.18,2
433,2.33,1.13,1.17,1.01,0.4,0.31,0.34,0.34,0.31,0.34,0.2,0.23,2
434,2.33,1.17,1.08,1.01,0.56,0.37,0.49,0.31,0.27,0.3,0.18,0.19,2
435,2.33,1.42,0.95,0.7,0.63,0.56,0.49,0.31,0.37,0.31,0.26,0.17,2
436,2.22,1.74,0.95,0.63,0.56,0.43,0.4,0.27,0.4,0.3,0.23,0.24,2
437,1.97,1.08,1.04,1.01,0.43,0.52,0.56,0.37,0.34,0.37,0.2,0.23,2
438,2.08,1.42,1.32,0.86,0.67,0.37,0.37,0.37,0.27,0.21,0.2,0.18,2
439,1.97,1.08,0.91,0.6,0.52,0.37,0.34,0.3,0.31,0.21,0.19,0.23,2
440,1.63,1.04,1.04,1.01,0.63,0.37,0.4,0.31,0.27,0.31,0.2,0.23,2
441,1.85,1.22,1.08,0.67,0.63,0.43,0.43,0.3,0.37,0.3,0.23,0.18,2
442,1.97,1.04,1.04,1.01,0.43,0.46,0.49,0.37,0.4,0.34,0.3,0.21,2
443,2.22,1.53,1.13,0.63,0.6,0.46,0.63,0.31,0.37,0.37,0.26,0.21,2
444,2.08,1.32,1.22,0.91,0.74,0.4,0.4,0.3,0.4,0.2,0.27,0.16,2
445,1.97,1.42,1.08,0.49,0.4,0.52,0.49,0.31,0.3,0.31,0.22,0.19,2
446,2.61,1.53,1.01,0.56,0.63,0.4,0.46,0.3,0.43,0.31,0.3,0.2,2
447,2.74,1.53,1.17,0.56,0.37,0.34,0.56,0.34,0.31,0.26,0.3,0.17,2
448,2.22,1.42,1.17,0.49,0.43,0.6,0.37,0.31,0.26,0.37,0.19,0.26,2
449,2.61,1.27,1.27,1.01,0.43,0.34,0.43,0.31,0.31,0.24,0.24,0.18,2
450,2.48,1.08,1.13,0.63,0.4,0.46,0.43,0.31,0.31,0.31,0.26,0.21,2
451,1.01,0.63,0.56,0.27,0.22,0.2,0.3,0.16,1.01,0.24,0.18,0.15,3
452,1.53,0.6,0.67,0.23,0.31,0.26,0.37,0.17,0.21,0.2,0.13,0.1,3
453,0.6,0.67,0.6,0.67,0.24,0.16,0.34,0.16,0.15,0.12,0.12,0.1,3
454,0.63,0.63,0.4,0.24,0.19,0.31,0.21,0.16,0.23,0.12,0.15,0.1,3
455,0.67,0.91,0.43,0.24,0.23,0.18,0.18,0.24,0.16,0.12,0.18,0.1,3
456,0.63,1.08,0.74,0.23,0.2,0.15,0.3,0.3,0.15,0.12,0.13,0.1,3
457,1.85,0.78,0.37,0.3,0.31,0.2,0.4,0.15,0.15,0.12,0.12,0.17,3
458,1.04,0.74,0.6,0.56,0.22,0.23,0.21,0.27,0.21,0.13,0.19,0.1,3
459,1.53,0.43,0.78,0.56,0.22,0.37,0.27,0.2,0.31,0.23,0.18,0.13,3
460,0.78,0.56,0.37,0.56,0.4,0.22,0.22,0.26,0.15,0.12,0.17,0.18,3
461,1.27,1.17,0.67,0.21,0.37,0.37,0.2,0.15,0.15,0.2,0.1,0.1,3
462,1.01,0.91,0.49,0.24,0.3,0.37,0.49,0.26,0.15,0.2,0.18,0.17,3
463,0.6,0.82,0.49,0.78,0.23,0.24,0.31,0.16,0.31,0.13,0.13,0.16,3
464,0.63,0.52,0.37,0.52,0.24,0.26,0.23,0.15,0.23,0.23,0.12,0.1,3
465,0.74,0.95,0.86,0.23,0.4,0.24,0.21,0.23,0.18,0.13,0.21,0.12,3
466,0.7,0.43,0.34,0.49,0.4,0.18,0.18,0.26,0.2,0.13,0.1,0.16,3
467,1.22,0.74,0.91,0.27,0.4,0.34,0.37,0.24,0.15,0.17,0.12,0.12,3
468,1.42,0.52,0.78,0.52,0.26,0.2,0.4,0.3,0.15,0.13,0.1,0.13,3
469,1.17,0.56,0.82,0.4,0.43,0.34,0.4,0.15,0.15,0.12,0.15,0.12,3
470,0.63,0.95,0.4,0.23,0.3,0.18,0.2,0.26,0.13,0.12,0.18,0.15,3
471,1.42,0.49,0.6,0.56,0.37,0.19,0.19,0.24,0.15,0.21,0.1,0.18,3
472,0.91,0.52,0.34,0.4,0.17,0.37,0.2,0.18,0.17,0.23,0.12,0.1,3
473,0.67,0.43,0.6,0.26,0.31,0.18,0.27,0.21,0.15,0.18,0.15,0.1,3
474,1.17,1.04,0.7,0.23,0.19,0.16,0.31,0.16,0.26,0.16,0.12,0.1,3
475,0.82,0.86,0.4,0.34,0.26,0.46,0.27,0.26,0.16,0.12,0.12,0.1,3
476,0.78,0.49,0.46,0.4,0.4,0.2,0.24,0.21,0.31,0.18,0.15,0.13,3
477,1.42,0.43,0.34,0.34,0.31,0.31,0.24,0.26,0.31,0.19,0.13,0.1,3
478,0.63,0.52,0.67,0.43,0.37,0.31,0.27,0.3,0.16,0.12,0.2,0.1,3
479,0.7,0.86,0.63,0.31,0.18,0.18,0.21,0.31,0.16,0.21,0.13,0.19,3
480,0.7,0.49,0.74,0.56,0.31,0.21,0.2,0.16,0.19,0.12,0.12,0.16,3
481,1.74,1.01,0.49,0.31,0.31,0.16,0.23,0.16,0.15,0.12,0.17,0.1,3
482,0.67,0.52,0.4,0.31,0.2,0.23,0.3,0.2,0.15,0.2,0.23,0.15,3
483,0.67,0.95,0.37,0.23,0.21,0.16,0.21,0.23,0.16,0.13,0.21,0.1,3
484,0.6,0.78,0.4,0.43,0.52,0.23,0.23,0.37,0.15,0.12,0.1,0.12,3
485,1.42,0.52,0.78,0.27,0.49,0.3,0.37,0.18,0.15,0.12,0.1,0.1,3
486,0.6,0.52,0.56,0.7,0.19,0.31,0.37,0.31,0.16,0.16,0.12,0.12,3
487,1.04,0.46,0.49,0.6,0.37,0.23,0.49,0.26,0.24,0.13,0.16,0.18,3
488,0.74,0.4,0.4,0.22,0.4,0.23,0.26,0.2,0.16,0.12,0.1,0.16,3
489,0.6,0.95,0.4,0.21,0.19,0.46,0.22,0.23,0.19,0.21,0.12,0.1,3
490,0.56,0.46,0.34,0.24,0.22,0.2,0.34,0.16,0.19,0.18,0.13,0.15,3
491,0.6,0.67,0.95,0.24,0.43,0.16,0.24,0.16,0.16,0.23,0.12,0.1,3
492,0.67,0.4,0.34,0.31,0.24,0.21,0.3,0.3,0.17,0.13,0.16,0.16,3
493,1.37,1.13,0.4,0.67,0.18,0.23,0.19,0.27,0.26,0.12,0.18,0.18,3
494,1.27,0.56,0.95,0.43,0.24,0.27,0.46,0.23,0.16,0.13,0.12,0.12,3
495,0.91,0.74,0.52,0.31,0.26,0.31,0.21,0.23,0.31,0.13,0.16,0.16,3
496,0.86,0.43,0.74,0.31,0.21,0.3,0.37,0.34,0.15,0.18,0.15,0.2,3
497,0.78,0.43,0.34,0.37,0.18,0.43,0.21,0.24,0.16,0.12,0.1,0.1,3
498,1.13,0.46,0.49,0.43,0.27,0.18,0.23,0.37,0.18,0.15,0.1,0.15,3
499,0.86,1.08,0.37,0.4,0.31,0.21,0.2,0.27,0.19,0.12,0.15,0.12,3
500,1.04,1.17,0.95,0.49,0.37,0.46,0.4,0.16,0.31,0.16,0.15,0.13,3
501,1.53,1.04,0.37,0.24,0.37,0.2,0.2,0.31,0.26,0.23,0.16,0.2,3
502,0.82,0.78,0.74,0.6,0.43,0.16,0.19,0.19,0.21,0.19,0.19,0.1,3
503,1.32,0.43,0.86,0.26,0.23,0.4,0.21,0.37,0.23,0.23,0.1,0.19,3
504,1.04,1.08,0.37,0.67,0.4,0.16,0.37,0.23,0.23,0.12,0.15,0.18,3
505,0.7,0.91,0.43,0.24,0.23,0.31,0.2,0.34,0.31,0.13,0.16,0.12,3
506,1.27,0.91,0.34,0.21,0.21,0.23,0.3,0.31,0.16,0.12,0.23,0.1,3
507,1.74,0.63,0.49,0.46,0.24,0.26,0.34,0.24,0.15,0.12,0.21,0.13,3
508,1.27,0.74,0.46,0.49,0.19,0.31,0.34,0.16,0.18,0.19,0.19,0.12,3
509,0.78,0.95,0.37,0.49,0.43,0.26,0.2,0.2,0.27,0.15,0.16,0.2,3
510,1.63,0.91,0.43,0.6,0.19,0.46,0.3,0.18,0.21,0.21,0.19,0.1,3
511,0.63,0.46,0.52,0.23,0.37,0.2,0.27,0.34,0.26,0.2,0.15,0.18,3
512,0.63,0.43,0.74,0.31,0.23,0.17,0.24,0.3,0.18,0.22,0.18,0.19,3
513,1.13,0.86,0.86,0.67,0.4,0.31,0.26,0.2,0.16,0.19,0.18,0.16,3
514,1.37,0.49,0.34,0.23,0.21,0.43,0.23,0.15,0.21,0.12,0.13,0.15,3
515,1.53,0.74,0.34,0.4,0.27,0.23,0.19,0.16,0.19,0.13,0.19,0.1,3
516,0.91,0.74,0.82,0.37,0.37,0.23,0.34,0.16,0.27,0.23,0.1,0.1,3
517,1.04,0.63,0.34,0.21,0.18,0.3,0.23,0.16,0.13,0.26,0.15,0.18,3
518,0.91,0.46,0.37,0.26,0.21,0.18,0.2,0.21,0.19,0.12,0.13,0.13,3
519,1.74,0.43,0.78,0.46,0.37,0.19,0.3,0.17,0.26,0.2,0.23,0.1,3
520,1.37,0.86,0.91,0.43,0.21,0.31,0.4,0.19,0.15,0.2,0.19,0.18,3
521,0.86,0.78,0.37,0.49,0.19,0.2,0.4,0.37,0.15,0.18,0.16,0.12,3
522,0.67,0.4,0.74,0.31,0.37,0.34,0.31,0.16,0.19,0.2,0.12,0.12,3
523,1.04,0.63,0.74,0.43,0.31,0.16,0.23,0.34,0.17,0.15,0.12,0.13,3
524,0.63,0.49,0.74,0.37,0.31,0.19,0.2,0.31,0.2,0.13,0.18,0.13,3
525,1.42,0.46,0.34,0.4,0.34,0.16,0.24,0.18,0.18,0.12,0.15,0.12,3
526,0.67,1.04,0.49,0.37,0.19,0.2,0.23,0.17,0.16,0.23,0.21,0.2,3
527,1.01,0.63,0.37,0.21,0.43,0.17,0.4,0.24,0.31,0.23,0.12,0.18,3
528,0.63,1.04,0.67,0.56,0.52,0.23,0.37,0.37,0.15,0.16,0.23,0.13,3
529,1.37,0.86,0.63,0.24,0.52,0.19,0.24,0.26,0.19,0.15,0.2,0.13,3
530,0.67,0.56,0.37,0.34,0.17,0.16,0.21,0.26,0.2,0.12,0.16,0.2,3
531,0.67,0.67,0.46,0.43,0.23,0.31,0.19,0.21,0.19,0.12,0.22,0.1,3
532,0.86,0.7,0.7,0.74,0.31,0.27,0.2,0.18,0.15,0.2,0.16,0.1,3
533,1.17,0.91,0.78,0.34,0.49,0.18,0.26,0.16,0.17,0.21,0.13,0.19,3
534,0.63,1.01,0.43,0.3,0.19,0.16,0.43,0.26,0.16,0.15,0.16,0.17,3
535,0.63,1.13,0.4,0.4,0.2,0.18,0.4,0.37,0.23,0.15,0.12,0.1,3
536,1.01,0.86,0.78,0.43,0.4,0.16,0.37,0.2,0.21,0.12,0.23,0.2,3
537,1.08,0.91,0.37,0.21,0.46,0.21,0.3,0.37,0.17,0.13,0.12,0.18,3
538,1.08,0.52,0.37,0.7,0.27,0.16,0.43,0.3,0.15,0.21,0.1,0.12,3
539,1.53,0.43,0.37,0.23,0.24,0.31,0.2,0.37,0.18,0.15,0.15,0.12,3
540,1.22,0.63,0.46,0.26,0.52,0.16,0.19,0.16,0.15,0.18,0.1,0.1,3
541,1.08,0.46,0.34,0.23,0.21,0.19,0.3,0.19,0.16,0.13,0.12,0.2,3
542,1.37,0.46,0.31,0.6,0.26,0.26,0.37,0.16,0.2,0.23,0.13,0.1,3
543,1.13,1.17,0.67,0.21,0.19,0.16,0.19,0.17,0.18,0.12,0.12,0.1,3
544,1.42,0.43,0.46,0.52,0.24,0.3,0.2,0.34,0.24,0.23,0.2,0.12,3
545,1.22,0.49,0.46,0.24,0.27,0.34,0.19,0.19,0.24,0.13,0.19,0.13,3
546,1.04,0.6,0.78,0.3,0.19,0.27,0.4,0.19,0.15,0.13,0.12,0.15,3
547,0.7,0.52,0.49,0.21,0.19,0.21,0.26,0.23,0.15,0.21,0.13,0.18,3
548,0.63,0.63,0.34,0.37,0.37,0.16,0.27,0.26,0.21,0.21,0.15,0.13,3
549,1.32,0.78,0.37,0.21,0.49,0.43,0.2,0.16,0.23,0.2,0.12,0.16,3
550,0.86,0.4,0.4,0.24,0.3,0.18,0.4,0.16,0.2,0.12,0.19,0.13,3
551,1.42,0.74,0.31,0.23,0.6,0.27,0.19,0.2,0.13,0.13,0.12,0.12,3
552,1.53,0.52,0.34,0.49,0.31,0.23,0.49,0.3,0.24,0.12,0.12,0.1,3
553,0.78,0.43,0.82,0.27,0.52,0.16,0.26,0.17,0.3,0.22,0.15,0.12,3
554,0.67,0.52,0.56,0.31,0.24,0.16,0.19,0.21,0.31,0.17,0.15,0.15,3
555,1.63,0.67,0.37,0.52,0.43,0.34,0.26,0.24,0.24,0.19,0.19,0.16,3
556,1.17,0.56,0.4,0.24,0.31,0.31,0.23,0.16,0.18,0.17,0.17,0.18,3
557,1.17,0.49,0.78,0.21,0.17,0.15,0.3,0.18,0.16,0.12,0.18,0.13,3
558,1.74,0.6,0.31,0.4,0.3,0.27,0.2,0.23,0.15,0.12,0.1,0.12,3
559,1.04,0.6,0.6,0.67,0.6,0.26,0.24,0.26,0.3,0.18,0.12,0.12,3
560,0.91,0.46,0.74,0.31,0.6,0.27,0.19,0.16,0.27,0.16,0.18,0.15,3
561,1.32,0.52,0.49,0.37,0.19,0.24,0.24,0.17,0.3,0.13,0.23,0.1,3
562,1.37,0.43,0.37,0.26,0.37,0.16,0.19,0.34,0.3,0.15,0.16,0.16,3
563,1.85,1.04,0.74,0.21,0.3,0.27,0.19,0.2,0.13,0.12,0.12,0.16,3
564,0.74,0.46,0.46,0.43,0.23,0.2,0.3,0.21,0.23,0.13,0.1,0.12,3
565,0.63,0.43,0.4,0.49,0.18,0.27,0.34,0.21,0.24,0.12,0.12,0.16,3
566,1.63,0.82,0.37,0.31,0.21,0.17,0.4,0.16,0.2,0.15,0.1,0.16,3
567,1.13,0.43,0.37,0.43,0.31,0.2,0.37,0.31,0.23,0.2,0.1,0.2,3
568,0.67,0.46,0.82,0.74,0.21,0.24,0.27,0.22,0.23,0.13,0.12,0.2,3
569,0.6,0.63,0.49,0.49,0.34,0.4,0.43,0.16,0.23,0.12,0.13,0.12,3
570,0.95,1.17,0.52,0.4,0.18,0.27,0.19,0.3,0.15,0.15,0.12,0.1,3
571,0.67,0.56,0.49,0.34,0.3,0.23,0.19,0.26,0.16,0.13,0.23,0.18,3
572,1.53,0.86,0.46,0.24,0.37,0.26,0.2,0.17,0.18,0.23,0.16,0.16,3
573,1.74,0.63,0.37,0.37,0.31,0.21,0.19,0.23,0.19,0.12,0.12,0.16,3
574,0.63,0.46,0.34,0.49,0.19,0.26,0.21,0.15,0.27,0.19,0.13,0.16,3
575,0.7,0.91,0.86,0.26,0.3,0.24,0.3,0.2,0.31,0.26,0.16,0.1,3
576,1.04,0.6,0.74,0.52,0.6,0.17,0.4,0.2,0.24,0.12,0.18,0.19,3
577,0.67,1.08,0.6,0.23,0.43,0.26,0.34,0.17,0.15,0.16,0.18,0.1,3
578,1.74,1.22,0.63,0.37,0.27,0.27,0.19,0.27,0.13,0.18,0.12,0.19,3
579,1.04,0.7,0.34,0.78,0.43,0.22,0.4,0.16,0.26,0.12,0.12,0.1,3
580,0.86,1.08,0.43,0.26,0.27,0.16,0.22,0.26,0.15,0.18,0.12,0.19,3
581,1.32,0.52,0.34,0.24,0.3,0.21,0.37,0.15,0.26,0.19,0.15,0.12,3
582,0.86,0.7,0.91,0.37,0.23,0.31,0.27,0.26,0.2,0.2,0.2,0.1,3
583,1.37,0.95,0.86,0.23,0.18,0.3,0.26,0.31,0.2,0.18,0.13,0.16,3
584,1.42,0.6,1.01,0.78,0.31,0.16,0.4,0.31,0.15,0.12,0.13,0.16,3
585,0.7,0.46,0.6,0.24,0.34,0.16,0.24,0.16,0.15,0.12,0.18,0.13,3
586,0.67,0.52,0.31,0.6,0.19,0.2,0.26,0.2,0.21,0.19,0.2,0.12,3
587,0.67,0.91,0.37,0.21,0.43,0.43,0.2,0.26,0.23,0.18,0.18,0.13,3
588,0.67,0.7,0.43,0.74,0.37,0.46,0.19,0.24,0.19,0.19,0.18,0.12,3
589,1.97,0.43,0.63,0.27,0.18,0.4,0.43,0.21,0.15,0.13,0.12,0.12,3
590,0.86,0.82,0.6,0.21,0.4,0.21,0.34,0.4,0.15,0.16,0.15,0.1,3
591,0.86,0.49,0.63,0.74,0.24,0.19,0.23,0.31,0.15,0.12,0.1,0.12,3
592,0.86,1.17,0.34,0.43,0.19,0.3,0.43,0.17,0.2,0.13,0.18,0.15,3
593,0.63,1.17,1.01,0.31,0.19,0.43,0.3,0.21,0.16,0.12,0.18,0.1,3
594,0.7,0.78,0.6,0.34,0.49,0.16,0.43,0.34,0.16,0.23,0.12,0.16,3
595,0.86,0.91,0.31,0.3,0.23,0.34,0.31,0.4,0.3,0.12,0.19,0.1,3
596,1.32,1.17,0.4,0.7,0.26,0.27,0.26,0.17,0.15,0.12,0.12,0.17,3
597,1.85,0.46,0.63,0.31,0.4,0.26,0.4,0.3,0.15,0.12,0.23,0.12,3
598,0.63,0.49,0.63,0.31,0.37,0.19,0.4,0.18,0.31,0.16,0.1,0.15,3
599,0.74,0.86,0.6,0.21,0.23,0.3,0.21,0.16,0.21,0.17,0.2,0.19,3
600,0.63,0.95,0.91,0.43,0.19,0.18,0.19,0.23,0.31,0.12,0.13,0.15,3
601,0.17,0.3,0.16,0.46,0.18,0.13,0.37,0.09,0.19,0.16,0.12,0.1,4
602,0.31,0.16,0.15,0.15,0.26,0.09,0.12,0.1,0.19,0.13,0.09,0.1,4
603,0.19,0.19,0.16,0.34,0.2,0.09,0.12,0.09,0.22,0.1,0.09,0.09,4
604,0.52,0.37,0.63,0.4,0.1,0.12,0.31,0.1,0.17,0.09,0.09,0.13,4
605,0.67,0.37,0.15,0.49,0.1,0.12,0.18,0.21,0.12,0.19,0.15,0.09,4
606,0.23,0.67,0.16,0.16,0.12,0.12,0.12,0.1,0.1,0.09,0.12,0.1,4
607,1.32,0.17,0.16,0.1,0.1,0.26,0.31,0.12,0.1,0.1,0.09,0.09,4
608,0.21,0.18,0.6,0.21,0.16,0.15,0.1,0.23,0.09,0.12,0.13,0.13,4
609,0.2,0.23,0.24,0.13,0.1,0.1,0.34,0.09,0.1,0.09,0.13,0.09,4
610,0.21,0.2,0.18,0.2,0.1,0.12,0.1,0.1,0.1,0.18,0.1,0.1,4
611,0.2,0.16,0.19,0.17,0.37,0.09,0.19,0.12,0.1,0.13,0.16,0.1,4
612,0.3,0.15,0.15,0.13,0.15,0.31,0.1,0.16,0.3,0.09,0.09,0.09,4
613,0.3,0.17,0.19,0.12,0.31,0.13,0.12,0.3,0.12,0.23,0.09,0.13,4
614,0.43,0.27,0.26,0.23,0.1,0.09,0.34,0.16,0.12,0.09,0.09,0.1,4
615,0.31,0.63,0.18,0.13,0.1,0.18,0.21,0.2,0.09,0.15,0.09,0.1,4
616,0.34,0.16,0.24,0.12,0.1,0.09,0.31,0.12,0.1,0.09,0.09,0.09,4
617,0.27,0.46,0.21,0.1,0.1,0.1,0.09,0.23,0.1,0.13,0.09,0.13,4
618,0.21,0.23,0.21,0.13,0.1,0.15,0.4,0.3,0.13,0.12,0.1,0.09,4
619,0.63,0.19,0.15,0.1,0.46,0.21,0.1,0.09,0.13,0.19,0.13,0.1,4
620,1.32,0.17,0.3,0.12,0.1,0.09,0.1,0.09,0.09,0.09,0.19,0.09,4
621,0.24,0.2,0.15,0.15,0.13,0.3,0.15,0.13,0.09,0.09,0.09,0.09,4
622,1.01,0.15,0.7,0.43,0.12,0.1,0.12,0.1,0.16,0.23,0.16,0.1,4
623,0.43,0.18,0.4,0.12,0.16,0.23,0.1,0.24,0.12,0.16,0.09,0.16,4
624,0.37,0.31,0.15,0.12,0.12,0.12,0.34,0.16,0.09,0.09,0.09,0.09,4
625,0.2,0.18,0.16,0.12,0.1,0.13,0.27,0.18,0.27,0.16,0.18,0.15,4
626,1.13,0.49,0.24,0.34,0.1,0.23,0.3,0.13,0.21,0.1,0.09,0.12,4
627,0.23,0.2,0.46,0.13,0.15,0.09,0.15,0.24,0.18,0.09,0.09,0.09,4
628,0.21,0.16,0.26,0.12,0.34,0.15,0.1,0.18,0.26,0.18,0.12,0.09,4
629,0.52,0.43,0.19,0.1,0.16,0.1,0.1,0.09,0.15,0.2,0.09,0.09,4
630,0.74,0.18,0.15,0.16,0.15,0.16,0.12,0.1,0.1,0.09,0.1,0.12,4
631,0.49,0.19,0.18,0.21,0.21,0.12,0.12,0.3,0.12,0.23,0.1,0.09,4
632,0.27,0.17,0.13,0.4,0.19,0.3,0.15,0.15,0.23,0.09,0.09,0.12,4
633,0.4,0.4,0.24,0.16,0.1,0.09,0.15,0.09,0.12,0.1,0.1,0.12,4
634,1.63,0.24,0.27,0.1,0.18,0.09,0.12,0.26,0.12,0.12,0.16,0.09,4
635,0.21,0.56,0.46,0.12,0.15,0.24,0.3,0.13,0.24,0.1,0.09,0.09,4
636,0.2,0.4,0.2,0.34,0.09,0.1,0.13,0.19,0.09,0.18,0.15,0.09,4
637,1.17,0.23,0.19,0.19,0.34,0.2,0.18,0.1,0.1,0.15,0.09,0.18,4
638,0.34,0.31,0.43,0.12,0.37,0.09,0.15,0.12,0.16,0.16,0.09,0.1,4
639,0.24,0.16,0.21,0.1,0.15,0.1,0.37,0.16,0.15,0.21,0.15,0.09,4
640,0.21,0.82,0.31,0.13,0.16,0.09,0.4,0.1,0.09,0.12,0.09,0.09,4
641,0.23,0.2,0.31,0.1,0.1,0.1,0.13,0.23,0.18,0.2,0.1,0.16,4
642,0.74,0.19,0.16,0.19,0.1,0.09,0.1,0.1,0.09,0.09,0.13,0.09,4
643,0.7,0.2,0.27,0.4,0.1,0.09,0.24,0.09,0.1,0.26,0.1,0.1,4
644,0.34,0.16,0.52,0.12,0.13,0.1,0.4,0.1,0.1,0.1,0.13,0.09,4
645,0.49,0.16,0.23,0.12,0.1,0.22,0.1,0.26,0.13,0.1,0.12,0.1,4
646,0.24,0.16,0.63,0.13,0.1,0.09,0.1,0.13,0.1,0.18,0.1,0.12,4
647,0.2,0.24,0.31,0.24,0.37,0.26,0.43,0.15,0.16,0.18,0.12,0.09,4
648,0.2,0.67,0.18,0.1,0.4,0.1,0.12,0.1,0.1,0.1,0.09,0.09,4
649,0.23,0.78,0.3,0.16,0.24,0.1,0.26,0.23,0.1,0.1,0.09,0.09,4
650,0.19,0.16,0.43,0.12,0.19,0.12,0.26,0.12,0.3,0.09,0.09,0.1,4
651,0.7,0.15,0.52,0.12,0.13,0.15,0.18,0.1,0.16,0.12,0.15,0.12,4
652,1.04,0.34,0.15,0.34,0.13,0.12,0.1,0.17,0.09,0.12,0.15,0.12,4
653,0.22,0.2,0.43,0.2,0.1,0.4,0.19,0.26,0.12,0.13,0.09,0.09,4
654,0.43,0.74,0.16,0.1,0.16,0.27,0.24,0.1,0.3,0.12,0.09,0.09,4
655,0.67,0.63,0.78,0.4,0.19,0.13,0.15,0.13,0.1,0.09,0.09,0.09,4
656,0.91,0.34,0.52,0.1,0.1,0.1,0.1,0.1,0.1,0.1,0.09,0.09,4
657,0.6,0.19,0.24,0.49,0.1,0.12,0.1,0.1,0.13,0.27,0.09,0.12,4
658,0.34,0.52,0.13,0.37,0.24,0.1,0.18,0.09,0.09,0.09,0.09,0.12,4
659,0.2,0.56,0.31,0.15,0.37,0.17,0.16,0.2,0.13,0.09,0.09,0.09,4
660,0.7,0.4,0.16,0.24,0.16,0.15,0.16,0.1,0.1,0.12,0.17,0.09,4
661,0.34,0.2,0.23,0.49,0.1,0.15,0.1,0.1,0.1,0.15,0.1,0.15,4
662,0.31,0.16,0.19,0.31,0.13,0.1,0.15,0.12,0.18,0.24,0.16,0.09,4
663,1.32,0.23,0.19,0.34,0.12,0.15,0.31,0.18,0.13,0.23,0.09,0.09,4
664,0.2,0.2,0.31,0.15,0.1,0.27,0.1,0.18,0.1,0.15,0.09,0.09,4
665,0.34,0.18,0.2,0.13,0.12,0.09,0.3,0.21,0.26,0.1,0.09,0.09,4
666,0.2,0.16,0.17,0.15,0.1,0.1,0.13,0.1,0.12,0.09,0.13,0.09,4
667,0.95,0.18,0.18,0.1,0.15,0.1,0.26,0.1,0.12,0.09,0.15,0.09,4
668,0.23,0.67,0.2,0.12,0.1,0.26,0.3,0.1,0.12,0.23,0.09,0.09,4
669,0.86,0.26,0.24,0.22,0.31,0.19,0.31,0.27,0.1,0.1,0.2,0.1,4
670,0.31,0.74,0.3,0.1,0.37,0.15,0.12,0.27,0.12,0.19,0.1,0.09,4
671,0.91,0.52,0.15,0.1,0.13,0.12,0.31,0.12,0.12,0.27,0.1,0.1,4
672,0.31,0.26,0.24,0.49,0.15,0.1,0.12,0.13,0.1,0.19,0.17,0.09,4
673,0.2,0.26,0.4,0.1,0.12,0.34,0.12,0.15,0.1,0.1,0.1,0.13,4
674,0.82,0.67,0.63,0.12,0.2,0.1,0.13,0.15,0.15,0.09,0.15,0.13,4
675,0.24,0.19,0.15,0.19,0.27,0.2,0.1,0.21,0.09,0.09,0.18,0.09,4
676,0.21,0.19,0.24,0.49,0.1,0.18,0.1,0.1,0.18,0.09,0.21,0.09,4
677,1.22,0.86,0.6,0.1,0.31,0.13,0.1,0.1,0.09,0.09,0.09,0.13,4
678,0.27,0.19,0.22,0.37,0.31,0.24,0.1,0.1,0.2,0.09,0.19,0.09,4
679,0.37,0.15,0.23,0.1,0.13,0.24,0.1,0.1,0.1,0.23,0.16,0.09,4
680,0.21,0.78,0.6,0.1,0.1,0.1,0.1,0.13,0.12,0.18,0.13,0.1,4
681,0.21,0.22,0.19,0.34,0.21,0.1,0.26,0.26,0.22,0.12,0.1,0.09,4
682,0.63,0.15,0.21,0.43,0.3,0.2,0.1,0.27,0.12,0.2,0.19,0.09,4
683,1.42,0.23,0.17,0.1,0.19,0.1,0.43,0.21,0.12,0.24,0.18,0.09,4
684,0.2,0.15,0.52,0.15,0.09,0.18,0.15,0.15,0.16,0.09,0.09,0.1,4
685,0.26,0.52,0.7,0.17,0.12,0.19,0.1,0.23,0.18,0.19,0.15,0.18,4
686,0.21,0.31,0.34,0.19,0.23,0.18,0.21,0.1,0.2,0.12,0.1,0.09,4
687,0.49,0.22,0.63,0.1,0.4,0.1,0.1,0.09,0.18,0.09,0.12,0.1,4
688,0.3,0.49,0.18,0.13,0.12,0.15,0.1,0.1,0.12,0.16,0.09,0.15,4
689,0.52,0.37,0.37,0.16,0.2,0.12,0.12,0.12,0.3,0.26,0.09,0.16,4
690,0.3,0.19,0.56,0.63,0.34,0.17,0.31,0.1,0.1,0.13,0.1,0.09,4
691,0.4,0.18,0.4,0.13,0.16,0.1,0.1,0.1,0.12,0.13,0.12,0.09,4
692,0.7,0.91,0.23,0.15,0.1,0.1,0.21,0.09,0.13,0.09,0.1,0.1,4
693,0.63,0.24,0.15,0.4,0.34,0.1,0.24,0.1,0.1,0.09,0.12,0.18,4
694,1.01,0.23,0.49,0.12,0.2,0.31,0.21,0.09,0.13,0.1,0.12,0.09,4
695,0.31,0.37,0.16,0.12,0.21,0.4,0.4,0.13,0.1,0.09,0.09,0.12,4
696,0.3,0.16,0.19,0.23,0.1,0.12,0.15,0.1,0.09,0.15,0.13,0.1,4
697,0.23,0.18,0.24,0.12,0.31,0.31,0.1,0.13,0.3,0.09,0.09,0.09,4
698,0.37,0.24,0.63,0.24,0.1,0.15,0.1,0.26,0.1,0.19,0.09,0.09,4
699,0.27,0.2,0.24,0.26,0.1,0.4,0.37,0.12,0.1,0.09,0.09,0.09,4
700,0.21,0.37,0.17,0.12,0.17,0.15,0.12,0.27,0.09,0.13,0.18,0.1,4
701,1.01,0.16,0.19,0.31,0.22,0.1,0.1,0.2,0.09,0.13,0.09,0.09,4
702,1.17,0.24,0.13,0.1,0.31,0.27,0.1,0.1,0.23,0.12,0.15,0.09,4
703,0.23,0.3,0.23,0.63,0.37,0.13,0.43,0.19,0.12,0.09,0.09,0.12,4
704,1.27,0.37,0.49,0.1,0.12,0.1,0.12,0.15,0.18,0.09,0.15,0.1,4
705,1.01,0.23,0.3,0.12,0.17,0.1,0.15,0.12,0.26,0.1,0.1,0.12,4
706,0.52,0.22,0.21,0.1,0.1,0.23,0.12,0.16,0.19,0.09,0.21,0.1,4
707,1.37,0.56,0.23,0.31,0.43,0.1,0.1,0.09,0.2,0.09,0.17,0.18,4
708,0.24,0.26,0.15,0.13,0.18,0.22,0.37,0.1,0.1,0.09,0.1,0.13,4
709,0.37,0.4,0.4,0.27,0.17,0.21,0.1,0.09,0.1,0.16,0.12,0.15,4
710,1.32,0.63,0.63,0.63,0.1,0.15,0.31,0.19,0.12,0.1,0.09,0.1,4
711,0.49,0.31,0.21,0.37,0.26,0.23,0.13,0.1,0.1,0.13,0.1,0.1,4
712,0.27,0.2,0.34,0.12,0.23,0.12,0.1,0.15,0.31,0.09,0.09,0.16,4
713,0.43,0.31,0.16,0.3,0.1,0.1,0.12,0.1,0.16,0.26,0.1,0.16,4
714,0.21,0.23,0.16,0.1,0.31,0.09,0.31,0.26,0.1,0.16,0.17,0.09,4
715,0.2,0.19,0.21,0.12,0.1,0.1,0.13,0.12,0.15,0.09,0.09,0.1,4
716,0.37,0.18,0.37,0.17,0.27,0.09,0.18,0.15,0.12,0.1,0.09,0.15,4
717,0.6,0.49,0.52,0.1,0.18,0.1,0.1,0.18,0.12,0.1,0.12,0.12,4
718,0.63,0.4,0.23,0.31,0.1,0.12,0.24,0.12,0.1,0.09,0.12,0.12,4
719,0.24,0.19,0.2,0.15,0.15,0.3,0.26,0.15,0.1,0.09,0.09,0.12,4
720,0.46,0.6,0.49,0.6,0.1,0.12,0.16,0.1,0.1,0.18,0.12,0.18,4
721,0.49,0.91,0.19,0.12,0.34,0.19,0.23,0.23,0.1,0.09,0.12,0.13,4
722,0.78,0.26,0.23,0.1,0.12,0.23,0.17,0.18,0.1,0.1,0.1,0.09,4
723,0.2,0.37,0.37,0.1,0.37,0.13,0.12,0.1,0.26,0.1,0.1,0.09,4
724,0.22,0.23,0.23,0.43,0.12,0.19,0.1,0.1,0.19,0.15,0.09,0.09,4
725,0.21,0.2,0.56,0.22,0.34,0.09,0.1,0.1,0.1,0.12,0.1,0.1,4
726,0.43,0.19,0.18,0.13,0.27,0.12,0.13,0.1,0.15,0.18,0.12,0.09,4
727,0.31,0.43,0.4,0.12,0.12,0.1,0.34,0.12,0.24,0.09,0.09,0.09,4
728,0.21,0.4,0.24,0.15,0.21,0.13,0.12,0.09,0.09,0.13,0.09,0.09,4
729,0.24,0.19,0.19,0.49,0.15,0.12,0.4,0.13,0.1,0.2,0.16,0.13,4
730,0.56,0.3,0.52,0.31,0.4,0.31,0.2,0.31,0.12,0.1,0.18,0.13,4
731,0.43,0.2,0.15,0.27,0.13,0.26,0.1,0.23,0.1,0.09,0.21,0.09,4
732,0.37,0.31,0.46,0.24,0.12,0.1,0.1,0.12,0.3,0.16,0.09,0.09,4
733,1.01,0.78,0.18,0.13,0.16,0.24,0.1,0.24,0.13,0.13,0.09,0.09,4
734,1.22,0.82,0.74,0.37,0.24,0.12,0.13,0.21,0.16,0.2,0.1,0.1,4
735,0.6,0.18,0.3,0.16,0.12,0.1,0.1,0.19,0.18,0.12,0.16,0.09,4
736,0.31,0.16,0.4,0.1,0.12,0.31,0.23,0.13,0.13,0.09,0.09,0.1,4
737,0.46,0.34,0.67,0.26,0.34,0.2,0.15,0.13,0.12,0.1,0.09,0.09,4
738,0.43,0.18,0.16,0.17,0.13,0.1,0.1,0.1,0.2,0.09,0.1,0.09,4
739,0.74,0.49,0.22,0.13,0.16,0.13,0.12,0.2,0.12,0.09,0.09,0.18,4
740,0.4,0.95,0.18,0.18,0.1,0.09,0.16,0.23,0.12,0.09,0.09,0.16,4
741,0.2,0.7,0.16,0.1,0.4,0.18,0.12,0.1,0.1,0.09,0.13,0.09,4
742,0.17,0.23,0.63,0.18,0.13,0.13,0.13,0.31,0.22,0.23,0.1,0.09,4
743,0.2,0.18,0.24,0.16,0.12,0.12,0.43,0.12,0.09,0.13,0.09,0.09,4
744,0.37,0.19,0.16,0.4,0.2,0.1,0.15,0.09,0.1,0.18,0.09,0.09,4
745,0.2,0.22,0.56,0.1,0.24,0.15,0.19,0.09,0.1,0.1,0.1,0.09,4
746,0.91,0.46,0.24,0.37,0.37,0.13,0.12,0.21,0.26,0.09,0.12,0.13,4
747,0.21,0.19,0.27,0.43,0.16,0.1,0.13,0.1,0.1,0.2,0.19,0.09,4
748,0.31,0.24,0.16,0.12,0.1,0.22,0.12,0.12,0.12,0.26,0.09,0.09,4
749,1.13,0.34,0.16,0.12,0.2,0.09,0.15,0.13,0.12,0.1,0.09,0.1,4
750,1.13,0.3,0.18,0.43,0.3,0.24,0.1,0.1,0.09,0.19,0.09,0.12,4